tags,count
0,20095
1,18519
2,7139
3,4777
4,1929
5,5217
6,6270
7,1631
8,1636
9,3905
10,1518
11,2701
12,2815
13,1664
14,1044
15,2312
16,1090
17,1895
18,1325
19,1141
20,922
21,1529
22,971
23,3299
24,1001
25,1327
26,1118
27,682
28,2121
29,1143
30,873
31,1188
32,1236
33,814
34,560
35,2031
36,490
37,980
38,766
39,1007
40,926
41,611
42,532
43,1726
44,827
45,893
46,731
47,1117
48,613
49,529
50,944
51,507
52,603
53,527
54,850
55,592
56,580
57,568
58,709
59,506
60,649
61,349
62,770
63,647
64,866
65,572
66,480
67,444
68,634
69,483
70,756
71,449
72,510
73,645
74,698
75,594
76,569
77,569
78,441
79,350
80,446
81,742
82,534
83,635
84,501
85,594
86,528
87,578
88,446
89,640
90,488
91,330
92,624
93,531
94,390
95,585
96,681
97,574
98,484
99,748
100,396
101,529
102,533
103,605
104,397
105,377
106,340
107,363
108,463
109,380
110,399
111,394
112,658
113,391
114,355
115,356
116,470
117,596
118,517
119,486
120,336
121,516
122,525
123,578
124,395
125,326
126,333
127,446
128,317
129,431
130,311
131,415
132,315
133,400
134,462
135,385
136,226
137,448
138,471
139,282
140,273
141,374
142,319
143,494
144,415
145,467
146,372
147,262
148,260
149,339
150,386
151,493
152,245
153,330
154,324
155,338
156,241
157,406
158,407
159,318
160,359
161,332
162,333
163,288
164,359
165,291
166,250
167,381
168,385
169,411
170,351
171,253
172,362
173,393
174,376
175,373
176,271
177,413
178,392
179,225
180,343
181,254
182,317
183,360
184,222
185,290
186,330
187,341
188,242
189,308
190,288
191,356
192,389
193,255
194,255
195,352
196,309
197,278
198,326
199,254
200,236
201,327
202,296
203,283
204,321
205,263
206,294
207,311
208,255
209,273
210,252
211,209
212,267
213,249
214,289
215,294
216,253
217,272
218,293
219,280
220,263
221,269
222,227
223,285
224,274
225,263
226,234
227,293
228,307
229,215
230,237
231,249
232,265
233,240
234,294
235,213
236,247
237,248
238,208
239,282
240,238
241,279
242,227
243,252
244,281
245,222
246,270
247,251
248,230
249,262
250,226
251,247
252,265
253,225
254,235
255,243
